课程代码,课程名称,课程英文名称,学分,周学时,总学时,课程类别,课程类型,开课部门,课程归属,课程标识,认定类别,是否允许申请免听,是否允许补考,建议修读年级,是否荣誉课程,是否竺可桢学院课程,是否体育分项,对应课程代码,课程简介
BIO0600G,基因的突变和进化（A）,The mutation and evolution of genes(A),1.5,1.5-0.0,24,通识,理论含讨论,生命科学学院,生命探索,普通通识课程,,不得申请免听,是,0,否,否,否,0716N001,"本课程主要介绍关于基因的科学知识。内容包括：（1）基因的概念；（2）基因和染色体的关系；（3）基因的传递规律；（4）基因组和基因组学；（5）基因突变的原因、类型和效应；（6）染色体变异和表观遗传变异；（7）基因与自然选择；（8）人种起源和东亚人起源."
BIO0601G,生命教育概论,Introduction of Life Education,1.5,1.5-0.0,24,通识,理论含讨论,生命科学学院,生命探索,普通通识课程,,不得申请免听,是,0,否,否,否,0716N002,"自从1968年美国学者唐纳-华特士提出生命教育以来，生命教育课程已在许多国家得到开展。西方国家的生命教育主要致力于控制药物和毒品滥用，预防暴力及艾滋病，我国大陆地区的生命教育才刚开始不久，还主要局限于哲学层面的研究和教学，致力于人生意义、自杀防止等内容的教育，本课程尝试从生命科学角度对生命的发生及进化、感染性疾病的预防及治疗、食品药物环境等理化因子对生命健康的影响、环境及生物多样性保护等问题进行探讨，通过课程的学习，教育学生正确认识生命的本质、理解生命的意义、提升生命的价值，以达到热爱生命、尊重生命、发展生命，保护环境、构建生命与自然命运共同体等目的。"
BIO0602G,生物信息学导论,Bioinformatics Introduction,1.5,1.0-1.0,32,通识,理论含实验（训练）课,生命科学学院,生命探索,普通通识课程,,可以申请免听,否,0,否,否,否,0716N004,"本课程介绍生物信息学的历史、发展、进展以及最新动态内容；分专题概述生物信息学核心内容、相关方法技术及热点问题，包括生物学数据与数据库资源、基因组计划与大数据、基因组注释、转录组表达与调控、蛋白拓扑与功能、生物网络与系统生物学，合成生物学以及生物信息学中的计算机环境等主要的方法与技术，开拓知识面，促进交叉思维。并通过上机实验学习与训练，使学生能够掌握并使用生物信息学网络资源和相关的技能。课程将采取知识点授课、研讨与上机训练相结合的方式进行。"
BIO0603G,生命科学导论,An Introduction of Life Sciences,2.0,1.5-1.0,40,通识,理论含讨论,生命科学学院,生命探索,普通通识课程,,不得申请免听,是,0,否,否,否,0716N007,"课程引进朱玉贤院士领衔主讲的《大学生物学》MOOC课程，采用线上学习和线下讨论相结合的教学模式。课程内容涵盖动物学、植物学、微生物学、细胞生物学、遗传学、生物化学、分子生物学、生理学、免疫学、生物演化、生物技术、生物信息学、生态学与保护生物学等生命科学领域的重要知识。课程旨在让非生物类专业学生了解生物学丰富多彩的世界，认识生物学与人类健康、生活、环境的密切关系。《生命科学导论》面向非生物学相关专业学生。生物学相关专业学生主要包括：理科试验班类（生命、环境、化学与地学）、海洋科学、应用生物科学（农学）、应用生物科学（生工食品）、医学试验班、预防医学、药学类、工科试验班（能源、化工与高分子）意向生物工程专业、工科试验班（信息）意向生物医学工程专业的学生。"
BIO0700G,基础植物克隆技术与应用,Fundamentals of plant cloning technology and applications,1.5,1.0-1.0,32,通识,理论含实验（训练）课,生命科学学院,博雅技艺,普通通识课程,,不得申请免听,是,0,否,否,否,0717N001,"本课程本着通识教育的理念，以实验操作为主，从实验中理解植物细胞的全能性、植物细胞脱分化和再分化基本原理。课程注重交叉学科的特点，在学生掌握基本的组培技术的前提下，重点阐述新材料、新技术在植物克隆中的应用。同时通过实验训练，培养学生科研基本技能，为今后学生进一步深造和创业提供一条行途径。"
BIO0701G,生活中的微生物发酵实验,In the life of the Microbial Fermentation Experiments,1.0,0.0-2.0,32,通识,独立设置实验（训练）课,生命科学学院,博雅技艺,普通通识课程,,不得申请免听,否,0,否,否,否,0717N002,"中文简介 发酵是延续了三千多年的传统技能，其产品已深深融入了我们生活的方方面面。在现代微生物技术的支撑下，传统发酵产品得到了长足的发展。本课程是以与我们生活密切相关的发酵制品为目标，学习、体验司康、面包、酸奶、米酒（或精酿啤酒）及披萨等发酵制品的制作及品评，了解发酵背后的相关科学、知识、技能及相关的传统文化。体验传统发酵之美。 本课程涉及了食品发酵中的主要菌种类型，主要有面团的面包酵母发酵（司康、面包和披萨）、麦芽糖化液的啤酒酵母发酵（精酿啤酒）、牛奶的乳酸菌发酵（酸奶）、大米的真菌糖化及发酵（米酒）等；在发酵方式上，有固体发酵（面团发酵）、液体静止发酵（精酿啤酒）及固液混合静止发酵（米酒），使学生能对发酵有一个比较全面的了解。"
BIO0702G,生命科学导论实验,The life science introduction tests,1.0,0.0-2.0,32,通识,独立设置实验（训练）课,生命科学学院,博雅技艺,普通通识课程,,不得申请免听,否,0,否,否,否,0717N003,"该课程是生命科学实验类课程。实验内容由动物学、植物学、微生物学、生理学、生化检测、核酸、蛋白质与基因扩增和植物组织培养等八个单元的若干个实验组成，每个单元为4学时。选修该课程的学生可到生物实验中心的选课系统中，自行选择８个单元的实验时间。"
BIO0703G,校园植物识别与标本制作,The campus plant identifies to create with specimen,1.0,0.5-1.0,24,通识,理论含实验（训练）课,生命科学学院,博雅技艺,普通通识课程,,不得申请免听,否,0,否,否,否,0717N004,"该课程是以实践为主的科普类植物分类课程，目的是使无任何植物学基础的学生能使用植物分类检索表鉴定植物种类。具体教学内容包含被子植物分类的形态学术语学习（茎、叶、花、果实和种子）；花的解剖、花程式的书写及植物检索表的使用；认识100种左右的常见校园植物；学习规范制作植物腊叶标本和植物精细解剖特征组图；制作植物贴画和叶脉书签。"
BIO0704G,多彩的菌菇世界,Colorful mushroom world,1.0,0.5-1.0,24,通识,理论含实验（训练）课,生命科学学院,博雅技艺,普通通识课程,,不得申请免听,否,0,否,否,否,0717N005,"千姿百态的菌菇组成了多彩的大型真菌王国，它们当中有的被誉为“人间仙草”，有的被称为“美丽杀手”，有的带着神奇的传说……，背后有无穷的生命奥秘留待探究。 本课程借助大量实物、标本、图片及室外考察，讲解大型真菌的形态特征、分类方法、生物学功能，阐述生物多样性的神奇；通过直接参与多种食药用菌的接种、栽培操作，全程认识这些神奇山珍从单细胞种子到大型子实体的成长过程，学习其营养与生长机理，体验孕育生命的快乐；通过实验室演示、栽培基地和生物制药工厂的观摩，讲解对食药用菌资源的开发进程，了解菌菇与我们生活中膳食、养生、保健的息息相关的联系，并介绍我国古老而神秘的菇民部落丰富多彩的菌菇文化。"
BIO0705G,生态学大实验,Experimentation of Ecology,1.0,0.0-2.0,32,通识,理论含实验（训练）课,生命科学学院,博雅技艺,普通通识课程,,不得申请免听,否,0,否,否,否,0717N006,"生态学大实验课程主要围绕生物个体与环境的关系、生物种群特征、种间相互作用关系、群落物种多样性特征和生态系统元素循环等方面设计教学内容，课程包括课堂实验和自主实验两大方面。课堂实验包括生物个体对环境变化的响应、种群增长规律及环境的影响、种间相互作用规律及环境调节、群落物种多样性观察和生态系统元素的互补循环利用。自主实验由教师给出主题，学生设计实验并完成。"
BIO0706G,人体代谢与健康,Experiments of Human Metabolism and Health,1.0,0.5-1.0,24,通识,理论含实验（训练）课,生命科学学院,博雅技艺,普通通识课程,,不得申请免听,否,0,否,否,否,0717N007,"本课程主要涉及三个方面的内容：一、介绍与人体代谢和细胞代谢相关的理论知识和科学发现历程，使学生对生命代谢有基本认识。二、通过实验实践教学，让学生在实验中去发现和认识发生在细胞和人体中的生化代谢事件，包括糖代谢、脂代谢、微量元素及维生素代谢、细胞代谢等，更深入理解代谢的过程与特征，进而对生命的代谢本质引发思考讨论。三、介绍代谢类疾病带来的危害，结合自身情况，正确认识各种影响健康的危险因素，并就自我健康管理进行探讨。课程将采用理论、实验与讨论相结合的方法。"
BIO0707G,合成生物学,Synthetic Biology in the Lab,1.0,0.5-1.0,24,通识,理论含实验（训练）课,生命科学学院,博雅技艺,普通通识课程,,不得申请免听,否,0,否,否,否,0717N008,"合成生物学是指秉持“工程化、标准化”的理念，通过构建人工设计的生物系统，来解决能源、材料、环保和健康等问题的学科，是建立在生物学实验基础上的“工程学科”。本课程将在介绍合成生物学基本概念的基础上，对学生进行系统的合成生物学基础实验训练。课程前期的指定性实验部分将培养学生建立合成生物学实验的基本概念、了解和掌握合成生物学实验的基本流程和基本操作；课程后期的自主性实验，将充分发挥学生的主观能动性，教师提供biobricks 和 parts，要求学生自主设计和构建一个具有一定功能的生物系统。"
BIO0708G,大型真菌生产技术实践,Production Practice of Macrofungus,1.0,0.0-2.0,32,通识,独立设置实验（训练）课,生命科学学院,博雅技艺,普通通识课程,劳育类,不得申请免听,否,0,否,否,否,,"大型真菌产业是变废为宝的循环经济，是我国的现代农业的新兴产业，也是我国生态农业建设中不可或缺的组成部分，更在实施乡村振兴战略中发挥着重要作用。课程以新农科教育和劳动教育为背景，围绕大型真菌生产，连通知识与技能，融合科技与产业，兼顾传承与创新，结合劳动教育与生产生活实践，为学生提供丰富多样的劳动实践活动。在校园、实验室、温室、作坊、现代化工厂等多场景中，学生通过劳动实践和动手操作，学习与体验从野外调查、标本采集、菌种分离、菌种制作、栽培管理、发菌管理、出菇管理、采收及采后管理、产品加工、深加工的全过程。在实践中掌握大型真菌栽培的基本知识与技术，感悟劳动的快乐与价值。"
BIO0900G,生命科学,Life Science,3.0,2.0-2.0,64,通识,理论含讨论,生命科学学院,生命探索,通识核心课程,,不得申请免听,否,0,否,否,否,0716S001,"本课程着眼于生命科学的基础知识、学科前沿、发展趋势。内容包括生命的本质、起源与进化；生物的结构、行为、功能及其对环境的适应；全球环境变化、生物的响应与人类可持续发展；细胞与细胞工程、基因与基因工程、仿生学与生物材料、生物信息与生物芯片和合成生物学等。"
BIO1001G,大学生物学,College Biology,3.0,2.0-2.0,64,通识,理论含讨论,生命科学学院,自然科学通识类,,,不得申请免听,否,1,否,否,否,071T0010,"课程旨在帮助生命科学相关专业的低年级学生构建生命科学的基础知识结构，准确理解和掌握基本原理、基本概念、核心理论，了解代表性前沿进展，发现个人知识探究的兴趣点和专业切入点，激发使命和兴趣驱动、目标和问题导向的学习动力，培养探究式学习方法和批判性生命系统思维。课程使用浙江大学自主制作的“大学生物学”MOOC课程，13个重点知识单元以生命的基本特征为原点（导论），掌握生命的基本形式、生活史和进化树（动物学、植物学、微生物学），阐明生命结构和功能的基本单元及发育调控机制（细胞和发育生物学），以能量传递为主线的新陈代谢基本机制（生理学、免疫学、生物化学），以信息传递为主线的遗传变异基本机制（分子生物学、遗传学），理解生命对环境变化的响应和适应机制（演化生物学、生态学）。课程倡导以学习者为中心，以生命科学主干知识图谱构建、核心知识点剖析、经典案例分析为重点，主动互动学习，打造师生学习共同体。采用学生线上学习和教师引导线下学习相结合的混合式教学模式，学习方式包括学生线上MOOC自学、线下课堂名词解释展示（小分享）、科学问题分组讨论和演讲（大分享）、知识点总结的思维导图作业，以及教师课堂讲解、学术讲座等。从而为后续专业学习、深造和终身学习奠定基础。"
BIO1002G,大学生物学实验,Experiment in College Biology,1.0,0.0-2.0,32,通识,独立设置实验（训练）课,生命科学学院,自然科学通识类,,,不得申请免听,否,1,否,否,否,071T0020,"该课程为生物学实验类课程。实验内容涵盖植物学、动物学、微生物学、分子生物学、细胞生物学、遗传学、生物信息学、生物化学、生态学等多个学科共10个单元的若干个实验。每个单元为4学时，学生需完成6个必修单元和2个选修单元的实验。课程旨在激发学生对生命科学的兴趣，使学生了解生命科学领域的基础研究技术与方法，培养学生动手实践能力和逻辑思维能力，增强学生的分析问题与解决问题的能力，全面提升学生的综合素质。"
BIO1003G,生命科学导论,An Introduction of Life Sciences,2.0,1.5-1.0,40,通识,理论含讨论,生命科学学院,自然科学通识类,,,不得申请免听,否,1,否,否,否,071T0030,"课程引进朱玉贤院士领衔主讲的《大学生物学》MOOC课程，采用线上学习和线下讨论相结合的教学模式。课程内容涵盖动物学、植物学、微生物学、细胞生物学、遗传学、生物化学、分子生物学、生理学、免疫学、生物演化、生物技术、生物信息学、生态学与保护生物学等生命科学领域的重要知识。课程旨在让非生物类专业学生了解生物学丰富多彩的世界，认识生物学与人类健康、生活、环境的密切关系"
BIO1004G,生命科学导论实验,Experiment of introduction to life sciences,1.0,0.0-2.0,32,通识,独立设置实验（训练）课,生命科学学院,自然科学通识类,,,不得申请免听,否,1,否,否,否,071T0040,"该课程是生命科学实验类课程。实验内容由动物学、植物学、微生物学、生理学、生化检测、核酸、蛋白质与基因扩增和植物组织培养等八个单元的若干个实验组成，每个单元为4学时。选修该课程的学生可到生物实验中心的选课系统中，自行选择８个单元的实验时间。"
BIO1109GH,生命科学导论（H）,Introduction to Life Sciences (H),3.0,2.0-2.0,64,通识,理论含实验（训练）课,生命科学学院,自然科学通识类,,,不得申请免听,否,1,是,是,否,071R6010,"本课程的特色在于兼顾生命科学领域的基础知识、前沿热点、学科交叉、生命哲学和实际应用。内容包括生命的起源与演化；不同生物类群的形态、结构、行为、过程与功能及其对环境的适应；生物间的相互关系及其意义；生物分布的全球格局；全球环境变化、生物的响应与人类可持续发展；细胞与细胞工程、基因与基因工程、仿生学与生物材料、生物信息与生物芯片和合成生物学等。"
BIO2005F,动物学及实验（甲）,Zoology and Experiment (A),4.0,3.0-2.0,80,专业基础课程,理论含实验（训练）课,生命科学学院,,,,不得申请免听,否,2,否,否,否,071B0010,"《动物学及实验（甲）》是生物科学及其相关专业的重要专业基础课（必修），适用于生命科学学院本科各专业以及竺可桢学院生命科学相关专业（巴德年班、求是生物班、神农班等）。本课程包括无脊椎动物和脊椎动物两部分，以动物演化为主线，系统地介绍动物形态结构的演变、生理功能的完善和分类等方面的知识。着重体现动物有机体结构与机能，及其和环境的辩证统一关系。要求学生牢固掌握动物科学的基础理论、基本知识和基本实验技能，为进一步学习有关后继课程和将来从事与动物学有关的科研和实践打好必要的基础。本课程共80学时，其中讲课48学时，实验32学时，共16周。"
BIO2006F,普通生物学及实验,General Biology and Lab Experiments,4.0,3.0-2.0,80,专业基础课程,理论含实验（训练）课,生命科学学院,,,,不得申请免听,否,2,否,否,否,071B0020,"普通生物学及实验是面向医学院、海洋学院、生物系统工程和食品科学学院、环境与资源学院、化学工程与生物工程学院、心理与行为科学系、人文学院、法学院等专业本科生的专业基础课。本课程内容包括宏观各结构层次上生命系统多样性和统一性及微观各结构层次上生命系统本质的一致性。具体内容包括物种分类和进化树，各类物种的解剖结构特征与生理功能的关系，并从细胞、组织、器官、系统到生态全方位阐述生命科学的基本知识，比较不同物种的发育过程，介绍遗传学、分子生物学和生态学的基本概念。课程通过每周3学时的理论课和2学时的实验课，学习掌握生物学最基本的概念及其研究方法。"
BIO2007F,生态学及实验（甲）,Ecology and Experiments (A),4.0,3.0-2.0,80,专业基础课程,理论含实验（训练）课,生命科学学院,,,,不得申请免听,否,2,否,否,否,071B0031,"生态学是研究生物与环境间的相互关系的科学。本课程分析生态学所涉及的从有机体到种群、群落/生态系统、城乡耦合系统直到全球多层次中的复杂关系，培养同学宏观的思维方式、处理复杂事物的方法；为科学、经济和社会提供理论、方法论和知识的支持。本课程强调在面对多尺度的世界时学会构建推理体系，并在等级层次系统之间找到共同规律。生态建设已成为国家发展的关键问题之一，本课程培养同学主动为社会服务，使生态思想被社会认可，生态学也由此获得新的科学问题。"
BIO2008F,生态学及实验（乙）,Ecology and Experiment (B),3.0,2.0-2.0,64,专业基础课程,理论含实验（训练）课,生命科学学院,,,,不得申请免听,否,2,否,否,否,071B0032,"生态学是研究生物与环境间的相互关系的科学。本课程分析生态学所涉及的从有机体到种群、群落/生态系统、城乡耦合系统直到全球多层次中的复杂关系，培养同学宏观的思维方式、处理复杂事物的方法；为科学、经济和社会提供理论、方法论和知识的支持。本课程强调在面对多尺度的世界时学会构建推理体系，并在等级层次系统之间找到共同规律。生态建设已成为国家发展的关键问题之一，本课程培养同学主动为社会服务，使生态思想被社会认可，生态学也由此获得新的科学问题。"
BIO2009F,微生物学及实验（甲）,Microbiology and Experiments (A),4.0,3.0-2.0,80,专业基础课程,理论含实验（训练）课,生命科学学院,,,,不得申请免听,否,2,否,否,否,071B0041,"微生物学课程是国家理科基地生物学专业的主干课程，既是一门专业课程，又是一门为其他课程提供基础理论和基本技术的专业基础课，是生物学专业的骨干课程。课程包括了微生物学基础理论的课堂教学、微生物学实验技能训练和课程论文的写作培养。通过本课程的学习，使学生能全面掌握和了解微生物学的基础理论、基础知识和基本技术，训练和学会分析和解决微生物学研究、生产领域中实际问题的基本能力，为学生从事微生物学领域科研、教学、生产、开发等工作建立较好的微生物学理论和技术基础。并具有一定的论文写作能力。"
BIO2010F,微生物学及实验（乙）,Microbiology and Experiments (B),3.0,2.0-2.0,64,专业基础课程,理论含实验（训练）课,生命科学学院,,,,不得申请免听,否,2,否,否,否,071B0042,"微生物学是生物学的重要分支学科之一。它既是一门专业课程，又是一门为其他专业提供基础理论和基本技术的专业基础课，是生物学及其相关专业的骨干课程。课程包括了微生物学基础理论的课堂教学，微生物学实验技能训练，课程论文和实验设计论文的写作培养。通过本课程的学习，使学生能全面掌握和了解微生物学的基础理论、基础知识和基本技术，训练和学会分析和解决微生物学研究、生产领域中实际问题的基本能力，为学生从事相关专业领域科研、教学、生产、开发等工作建立较好的微生物学理论和技术基础。"
BIO2011F,生物化学（甲）,Biochemistry (A),4.0,4.0-0.0,64,专业基础课程,理论课,生命科学学院,,,,可以申请免听,否,2,否,否,否,071B0051,"本课程是生物学类相关专业的专业基础课程，主要包括三个方面：（1）在分子水平上探讨生物体的基本物质组成，以及生物大分子如糖、脂类、蛋白质、核酸、酶、维生素和激素等的结构、性质和功能。（2）介绍生物大分子在生物体内物质代谢、能量代谢和信息代谢的基本规律。（3）根据生物大分子的基本性质和代谢规律，诠释生物大分子与复杂的生命现象如生长、生殖、衰老、运动、免疫等之间的关系。"
BIO2012F,生物化学实验（甲）,Experiments of Biochemistry (A),2.0,0.0-4.0,64,专业基础课程,独立设置实验（训练）课,生命科学学院,,,,不得申请免听,否,2,否,否,否,071B0061,"本课程为专业基础课程，介绍和实践生物化学的基本理论及重要实验技能。本课程设置内容包括: 一、蔗糖酶提取及性质鉴定基础系列实验，共安排8次实验和1次总结报告，学习掌握生物活性物质蛋白质（酶）的提取、分离纯化、检测及各类性质鉴定等基本实验原理、方法和技术。二、自主实验设计与实践，是基于蔗糖酶基础系列实验上的拓展实践，由立题指导、课题小组设计实验内容、开题报告、实验实践和完成课题小论文、结题报告等教学环节组成，要求在4周时间内由课题小组独立完成包括实验准备在内的所有自主设计课题的实验内容。课程辅以《生物化学实验》线上MOOC课程，进行线上线下混合式教学。"
BIO2013F,生物化学实验,Biochemistry Lab,1.5,0.0-3.0,48,专业基础课程,独立设置实验（训练）课,生命科学学院,,,,不得申请免听,否,2,否,否,否,071B0062,"本课程设置三大部分的内容，一、蔗糖酶系列实验，共安排了八次实验，学习掌握生物活性物质蛋白质（酶）的提取、分离纯化、检测、鉴定等基本实验原理、方法和技术。二、核酸系列实验，共安排了三次实验，学习掌握DNA扩增、提取、酶切、鉴定及检测等基本原理及技术。三、代谢实验，共安排了一次氨基转换及产物鉴定实验，学习代谢反应的设计思路及方法。此外，还包括一次实验技术与研究背景专题交流及一次实验总结，旨在夯实及拓展学生实验技能，提升学生文献检索、综合分析问题和总结实验课题的能力。"
BIO2014F,生物化学及实验（丙）,Biochemistry and Experiment (C),4.0,3.0-2.0,80,专业基础课程,理论含实验（训练）课,生命科学学院,,,,不得申请免听,否,2,否,否,否,071B0070,"生物化学及实验（丙）课程通过介绍（1）蛋白质、酶、核酸等生物大分子的结构、性质和功能（2）糖、脂、蛋白质等物质代谢过程及规律（3）以中心法则为主线，阐述DNA、RNA和蛋白质之间遗传信息的动态传递过程，让学生系统地学习和掌握现代生物化学的基本理论知识，了解当今生物化学发展的前沿知识和方向，为进一步学习生物学的有关后续课程准备必要的知识储备。与此同时，学生通过实验课程的学习掌握现代生物化学的基本实验技术，为以后从事与生命科学有关的教学、科研与生产打下基础。"
BIO2017F,植物生理学及实验（甲）,Plant Physiology & Experiments (A),4.0,3.0-2.0,80,专业基础课程,理论含实验（训练）课,生命科学学院,,,,不得申请免听,否,2,否,否,否,071B0091,"主要讲授内容：植物的水分代谢、矿质营养的基本原理和应用技术；植物光合作用过程中太阳能的转化过程、机理、环境影响和调控；贮藏的化学能如何通过呼吸转变为ATP并进行各种物质的合成，呼吸在实践中的应用原理；植物体内同化物运输的途径和规律，植物激素和环境等条件对植物细胞、组织、器官和个体的发育的调节，植物生长、分化、开花、结果、衰老和死亡的机制和调控方法；植物怎样适应环境不良条件和植物次生物代谢等内容及相应实验技能。"
BIO2018F,植物生理学及实验（乙）,Plant Physiology & Experiment (B),3.0,2.0-2.0,64,专业基础课程,理论含实验（训练）课,生命科学学院,,,,不得申请免听,否,2,否,否,否,071B0092,"主要讲授内容：植物的水分代谢、矿质营养的基本原理和应用技术；植物光合作用过程中太阳能的转化过程、机理、环境影响和调控；贮藏的化学能如何通过呼吸转变为ATP并进行各种物质的合成，呼吸在实践中的应用原理；植物体内同化物运输的途径和规律，植物激素和环境等条件对植物细胞、组织、器官和个体的发育的调节，植物生长、分化、开花、结果、衰老和死亡的机制和调控方法；植物怎样适应环境不良条件和植物次生物代谢等内容及相应实验技能。"
BIO2019F,植物学及实验（甲）,Botany and Experiments (A),4.0,3.0-2.0,80,专业基础课程,理论含实验（训练）课,生命科学学院,,,,不得申请免听,否,2,否,否,否,071B0101,"植物学是生物科学、生物技术、生态学，以及农学、园艺等相关专业的重要基础课，该课程主要介绍植物的形态结构与功能、发育过程、类群、分类及系统发育进化的主要规律。课程知识体系主要由基本知识和基本技能两部分组成：前者包括植物的形态结构与功能、生长与发育、系统进化及各大类群的主要特征和分类；后者包括植物组织切片和植物标本的制作技术，使用显微镜、解剖镜等进行形态结构的观察和分类鉴定。通过研究性实验和实习培养学生运用所学知识和技能开展研究工作的能力。"
BIO2020F,植物学及实验（乙）,Botany and Experiments (B),3.0,2.0-2.0,64,专业基础课程,理论含实验（训练）课,生命科学学院,,,,不得申请免听,否,2,否,否,否,071B0102,"植物学是农业生物技术、植保、环境资源、园林等相关专业的重要基础课，该课程主要介绍植物的形态结构与功能、发育过程、类群、分类及系统发育进化的主要规律。课程知识体系主要由基本知识和基本技能两部分组成：前者包括植物的形态结构与功能、生长与发育、系统进化及各大类群的主要特征和分类；后者包括植物组织切片、制片技术，使用显微镜、解剖镜等进行形态结构的观察和分类鉴定。通过理论和实验的结合，培养学生运用所学知识和技能开展进一步学习和研究工作的能力。"
BIO2021F,生物化学（乙）,Biochemistry (B),4.0,4.0-0.0,64,专业基础课程,理论课,生命科学学院,,,,可以申请免听,否,2,否,否,否,07110010,"本课程将作为学生进行现代生命科学学习的重要基础课程，基于经典生物化学基础知识，结合最新生物科学研究进展，通过生物化学导论、生物分子结构与催化、生物能量和代谢及生物信息传递四部分内容的讲授，阐述生物化学基本知识和生化实验原理，这将对培养学生今后从事生命科学相关工作打下必要基础。"
BIO2022F,生物化学实验（乙）,Lab. of Biochemistry (B),2.0,0.0-4.0,64,专业基础课程,独立设置实验（训练）课,生命科学学院,,,,不得申请免听,否,2,否,否,否,07110022,"本课程为专业基础课程，介绍和实践生物化学的基本理论及重要实验技能。本课程设置内容包括：一、蔗糖酶提取及性质鉴定基础系列实验，共安排7次实验和1次总结报告，学习掌握生物活性物质蛋白质（酶）的提取、分离纯化、检测及各类性质鉴定等基本实验原理、方法和技术。二、质粒提取及酶切，学习掌握分子生物学基本要素质粒的基本操作。三、自主实验设计与实践，是基于蔗糖酶基础系列实验上的拓展实践，由立题指导、课题小组设计实验内容、开题报告、实验实践和完成课题小论文、结题报告等教学环节组成，要求在4周时间内由课题小组独立完成包括实验准备在内的所有自主设计课题的实验内容。课程辅以《生物化学实验》线上MOOC课程，进行线上线下混合式教学。"
BIO2023M,分子生物学（甲）,Molecular Biology (A),3.0,3.0-0.0,48,专业课,理论课,生命科学学院,,,,可以申请免听,是,2,否,否,否,07120041,"课程以核酸和蛋白质及其在遗传信息传递中的作用为研究对象，以中心法则作为主线，重点介绍DNA复制、 RNA转录、蛋白质翻译这些生命过程的基本原理及其调控机制，同时课程还介绍有关基因克隆、DNA重组和基因工程等分子技术、及表观遗传学、基因组学等领域的研究新进展。课程采用中英文双语教学，强化和提高学生的专业英语阅读和理解能力。"
BIO2024M,分子生物学（乙）,Molecular Biology (B),2.0,2.0-0.0,32,专业课,理论课,生命科学学院,,,,可以申请免听,是,2,否,否,否,07120042,"本课程内容主要涵盖现代分子生物学的发展史、DNA及染色体结构、DNA的复制形式与特点、DNA的转录形式与特点、RNA转录后加工及调控、蛋白质的翻译和运转、基因表达调控的原理，也包括了最新的现代分子生物学实验技术和原理。"
BIO2027M,生态学,Ecology,2.0,2.0-0.0,32,专业课,理论课,生命科学学院,,,,可以申请免听,是,2,否,否,否,07120780,"主要讲授生态学范畴、理论框架和科学方法论；生物及其与环境相互作用的基本原理、生物对环境的适应与进化；种群的基本特征、种群结构和动态、种间关系及种群遗传进化对策；群落结构与演替、生物多样性及其影响因素、全球生物多样性分布格局与维持；生态系统生产力与过程（能量流动、物质循环、信息传递）、生态系统服务功能；全球变化与生态适应等内容及相应实验技能。"
BIO2028M,生态学基础及实验,Basic Ecology And Experiments,4.0,3.0-2.0,80,专业课,理论含实验（训练）课,生命科学学院,,,,不得申请免听,否,2,否,否,否,07120830,"主要讲授生态学范畴、理论框架和科学方法论；生物及其与环境相互作用的基本原理、生物对环境的适应与进化；种群的基本特征、种群结构和动态、种间关系及种群遗传进化对策；群落结构与演替、生物多样性及其影响因素、全球生物多样性分布格局与维持；生态系统生产力与过程（能量流动、物质循环、信息传递）、生态系统服务功能；全球变化与生态适应等内容及相应实验技能。"
BIO2029M,分子生物学及实验,Molecular Biology & Experiment,4.0,3.0-2.0,80,专业课,理论含实验（训练）课,生命科学学院,,,,不得申请免听,否,2,否,否,否,07120940,"课程理论部分以核酸和蛋白质及其在遗传信息传递中的作用为研究对象，以中心法则作为主线，重点介绍DNA复制、 RNA转录、蛋白质翻译这些生命过程的基本原理及其调控机制。同时，课程还介绍有关基因克隆、DNA重组和基因工程等分子技术、及表观遗传学、基因组学等领域的研究新进展。课程实验部分将训练学生掌握分子生物学领域重要的实验技能。课程采用中英文双语教学，强化和提高学生的专业英语阅读和理解能力。"
BIO2033MZ,生物化学,Biochemistry,4.0,4.0-0.0,64,专业课,理论课,生命科学学院,,,,可以申请免听,是,2,否,是,否,071Q0006,"本课程作为生物科学及相关学科的学生全面进行现代生物学其他课程学习的最重要基础课程，分成结构与催化、生物能力学与代谢两个主题展开。课程结合经典的和最新的科学研究的实例来阐述基本理论和概念，反映了现代生物化学原理和技术的主要成就和最新进展，对生物化学实验技能具有重要的理论指导意义，并为培养学生今后从事生命科学相关的工作打下基础。"
BIO2034MZ,生物化学实验Ⅱ,Biochemistry Experiment(B),1.0,0.0-2.0,32,专业课,独立设置实验（训练）课,生命科学学院,,,,不得申请免听,否,2,否,是,否,071Q0008,"本课程是针对《生物化学实验》进行延伸拓展，在《生物化学实验》系统训练基础上，发掘问题主题、提出试验命题、确立试验目标、选择实验方法、设计技术路线、制定试验方案，自主性完成实践。课程由立题指导、开题报告、自主试验、撰写科学论文和结题展示等教学环节组成。学生将被分成三人课题小组，在6周时间内自主独立完成相关内容。旨在培养学生自主发现问题、提出问题、解决问题、科学分析数据和结果、形成科学结论和撰写科学论文的能力，强化学生对生化实验技术的理解，达成初步独立开展生化科学研究的能力。"
BIO2035FZ,人工智能与生命科学,AI and Life Sciences,3.0,3.0-0.0,48,专业基础课程,理论课,生命科学学院,,,,不得申请免听,否,2,否,是,否,071Z0020,"本课程面向非计算机专业的本科生，讲授人工智能技术的基本概念、发展历史、经典算法与最新进展。课程重点介绍当前人工智能领域取得重大突破的深度神经网络、强化学习、监督学习、非监督学习等算法的基础理论，并结合算法实例了解人工智能的数学建模思想和算法实现。在此基础上介绍人工智能在医学图像、生物信息学、药物研发、肿瘤诊疗等生命科学领域的应用，并探讨人工智能的发展对人类社会的深远影响，为本科生提供一个理解人工智及其在生命科学中的广泛应用的入门基础。"
BIO2042MZ,生物化学实验,Biochemistry Experiment,2.0,0.0-4.0,64,专业课,独立设置实验（训练）课,生命科学学院,,,,不得申请免听,否,2,否,是,否,071Q0020,"本课程是生命科学大类相关专业的专业基础课程，实行线上线下混合式教学。 线上MOOC课程包括35个视频，总时长396分钟，通过知识解读和实验操作相结合、实验设计与实验项目相结合、系统性分析与拓展设计应用相结合，系统性讲解实验思路、技术理论和实验操作技巧和技术要点，学习完每个阶段视频学后需要完成阶段性测验。 线下内容根据时代对专业技术人才生物化学实验技术的基本需求，选取酒酵母蔗糖酶为目标蛋白质，筛选整合国内外蔗糖酶研究的一系列科学文献，科学搭建蛋白质（酶）综合研究大实验，包含九个单元模块，环环相扣，循序渐进，多线展开，侵入式学习掌握活性蛋白质（酶）的粗提取、分离纯化、浓度检测、活性测定、分子鉴定、特征理化性质分析、酶动力学性质探究、正交试验设计和过程效能评价等实验原理、方法和技术操作流程。"
BIO2043MZ,生命科学概论Ⅱ,Overview of Life Science Ⅱ,3.0,2.0-2.0,64,专业课,理论含实验（训练）课,生命科学学院,,,,不得申请免听,否,2,否,是,否,071Q0002,"本课程针对具有特殊才能的本、硕、博连读新生，深入浅出地介绍当代生命科学的基本概念、理论、原理和当代生物学各重要分支学科的发展前沿。着重引导和培养学生进行科学研究的思考和分析能力。训练学生进行科学问题、研究设计、数据结果分析和判断的必要素质和能力。为学生理解和掌握生命科学各基础学科, 并为培养世界一流生物科学家打下扎实的基础。"
BIO2048M,生物信息与数据处理,Biological Information And Data Management,3.0,+3,96,专业课,独立设置实验（训练）课,生命科学学院,,,,不得申请免听,否,2,否,否,否,07120120,"生物信息及数据处理是生物技术专业的一门专业基础课程。它以学习生物文献信息、核酸蛋白质序列分析和生物数据处理技术为主要内容，使学生掌握对有关生物信息的查询、分析和数据处理技术。 生物信息及数据处理是一门新学科，它基于计算机技术的发展，特别是数据库以及因特网技术的突飞猛进，使得从浩如烟海的生物信息中获取、加工直至预测成为现实。正因为该技术的发展，加快了人类基因组计划的最终实现。如今依赖生物信息学的相关工业已初露端倪，相信不久它将成为推动整个生物技术产业发展的动力源泉。 本课程为多媒体教学，采用中文教材并配套原版外文教材。1人1机。要求学生在学习完本课程规定内容后，能独立完成对某一科研项目的文献查询、整理；对分子生物学相关工具的熟练使用；对实验所得结果能进行有效分析；能阅读生物信息及分子生物学相关外文资料。 本课程为短学期课程，共96学时，其中讲课56学时，实验40学时。"
BIO2068M,种群生态学,Population Ecology,2.0,2.0-0.0,32,专业课,理论课,生命科学学院,,,,可以申请免听,是,2,否,否,否,07120840,"种群生态学是生态学、人口学、环境学相关专业的核心专业课程之一。本课程采用与国际一流大学同步的讲义和课件，主要讲授种群结构、过程及其调控的特征和规律、分析和研究方法、前沿进展和应用等。使学生掌握国际先进的种群生态学知识和研究创新技能, 应对和解决人类面临的相关挑战。"
BIO2078M,动物学野外实习,Field Practice For Zoology,1.0,+1,32,专业课,独立设置实验（训练）课,生命科学学院,,,,不得申请免听,否,2,否,否,否,07188010,"本课程是生命科学各专业学生必须参加的野外实践性课程。主要内容是浙江舟山海洋潮间带无脊椎动物和海洋习见鱼类采集、生态习性观察与种类鉴定。通过实习，要求学生初步掌握海洋无脊椎动物和海洋鱼类的分类方法和常见种类的识别。同时，加深对动物形态结构与功能相统一、与生活环境相适应的认识。"
BIO2079M,植物学野外实习,Field Practice For Botany,1.0,+1,32,专业课,独立设置实验（训练）课,生命科学学院,,,,不得申请免听,否,2,否,否,否,07188100,"本课程是生命科学学院学生必修的野外实践性课程。主要内容是浙江西天目山/千岛湖/朱家尖（或其他实习地）的植物标本采集、形态特征观察与种类鉴定。通过实习，要求学生初步掌握约50个科150-200植物，掌握30个左右重点科的主要特征和学名。学会运用植物志、植物图鉴等工具书鉴定野生植物，进一步了解植物与环境的相互关系、植物和植被的分布规律，加深对植物形态结构与功能相统一、与生活环境相适应的认识。"
BIO2080M,发酵工程技能训练,Technology Training Of Fermentation Engineering,3.0,+3,96,专业课,独立设置实验（训练）课,生命科学学院,,,,不得申请免听,否,2,否,否,否,07188111,"发酵工程是利用微生物的特定性状和功能，通过现代化工程技术来生产有用物质或将微生物直接用于工业化体系的一门技术。本课程是一门以实验操作为主、理论讲解为辅的CURE课程，主要介绍液态有氧发酵、液态静止发酵及固态发酵的基本原理，训练学生独立完成对通用型机械搅拌发酵罐的发酵操作（包括空消、配料、实消、发酵控制等）， 熟悉谷氨酸发酵、啤酒发酵及红曲发酵的工艺流程及相关过程分析。"
BIO2085M,生物学综合野外实习,Integrated Field Course Of Biology,3.0,+3,96,专业课,实习课,生命科学学院,,,劳育类,不得申请免听,否,2,否,否,否,07188190,"生物学综合野外实习是面向生物科学、求是生物科学和生态学等专业本科生的专业基础课。课程包括植物学野外实习、动物学野外实习和生态学野外实习三部分，通过两至三周的实习，系统训练本科生对野外植物学、动物学和生态学知识和方法的掌握。"
BIO2086M,野外生态学,Field Ecology,2.0,+2,64,专业课,独立设置实验（训练）课,生命科学学院,,,,不得申请免听,否,2,否,否,否,07188210,"《野外生态学》是在《生物学综合野外实习》中植物学、动物学和生态学野外实习的基础上设置的、专门面向生态学专业本科生和对生态学感兴趣的本科生的一门实践性、研究型课程，主要内容为野外实地考察各类自然生态系统和人工生态系统。其中研究性实习在千岛湖的浙江大学生命科学学院实践教学基地实施，主要内容为植物-动物-微生物种间相互作用及其对气候变化、生境片段化、森林干扰等响应，学习野外生态学研究方法。自然保护地-农业遗产地则安排学生到各地进行生态考察（每次开课视情况选择其中一个方案）：（i）宁夏贺兰山国家级自然保护区、青铜峡库区湿地自然保护区、沙坡头国家级自然保护区等地；（ii）青田县稻田养鱼农业遗产地；（iii）三江源；（iv）钱江源/武夷山国家级自然保护区。"
BIO2105M,生态学与生态文明研究进展,Advances In Ecology And Ecological Civilization,1.0,1.0-0.0,16,专业课,理论课,生命科学学院,,,,不得申请免听,否,2,否,否,否,07192420,"（一）中文简介 生态学与生态文明研究进展系列报告是浙江大学生命科学学院召集生命科学学院、环境与资源学院、农业与生物技术学院、能源工程学院等多学院知名教授共同讲授的一门生态学专业课程。课程负责人为生命科学学院赵云鹏教授和陈军教授。该课程面向生态学强基班及对生态学感兴趣的高年级本科生开放。本课程定位于“系统性、开放性、重大意义课题与增进学科交叉”，每门课程以专题形式讲授，授课内容主要包括“生态学基础与前沿”，“生态治理与管理”，“双碳计划与绿色能源”等。通过本课程学习，使学生系统了解和掌握生态学与生态文明研究进展、学科前沿、发展趋势以及与其他学科的联系、交叉和新的学科生长点，增强学生对生态学研究领域的全方位的认识，为学生专业兴趣的选择提供最直接最有力的参考，为培养生态学研究及其相关交叉学科高端人才奠定基础。"
BIO2106M,生命科学进展,Advances In Life Sciences,1.0,1.0-0.0,16,专业课,理论课,生命科学学院,,,,不得申请免听,否,2,否,否,否,07192430,"生命科学进展是浙江大学生命科学学院召集生命科学学院、生研院、脑科学与脑医学学院生命科学领域知名科学家共同讲授、并通过两年实践经验积累精心制作的一门生命科学通识课程。课程负责人为生命科学学院吕镇梅教授，主讲教师有周如鸿、冯新华、段树民、陈军、高海春、郑绍建、易文、黄俊教授等。该课程面向生物科学强基班以及对生命科学领域感兴趣的生物类专业高年级本科生开放。本课程定位于“系统性、历史性、重大意义课题与增进学科交叉”，每门课程以专题形式讲授，授课内容主要包括“计算生物学”、“蛋白质磷酸化与信号转导”、“神经生物学和脑科学”、“发育生物学”、“微生物学”、“植物学”、“糖化学生物学和肿瘤生物学”、“DNA损伤与修复”等领域聚焦的科学问题及其未来走向。通过本课程学习，使学生系统了解和掌握生命科学领域基础知识、学科前沿、发展趋势以及与其他学科的联系、交叉和新的学科生长点，提高学生科研创新能力、独立解决科学问题的能力，培养学科交叉的复合型人才。"
BIO2110F,微生物学（甲）,Microbiology (A),3.0,3.0-0.0,48,专业基础课程,理论课,生命科学学院,,,,不得申请免听,是,2,否,否,否,,"微生物学课程是国家理科基地生物学专业的主干课程，既是一门专业课程，又是一门为其他课程提供基础理论和基本技术的专业基础课，是生物学专业的骨干课程。课程主要是微生物学基础理论的课堂教学。通过本课程的学习，使学生能全面掌握和了解微生物学的基础理论和基础知识，训练和学会分析和解决微生物学研究、生产领域中实际问题的基本能力，为学生从事微生物学领域科研、教学、生产、开发等工作建立较好的微生物学理论基础。"
BIO2112F,微生物学（乙）,Microbiology (B),2.0,2.0-0.0,32,专业基础课程,理论课,生命科学学院,,,,不得申请免听,是,2,否,否,否,,"通过本课程的学习，使学生能全面掌握和了解微生物学的基础理论、基础知识和基本技术，训练和学会分析和解决微生物学研究、生产领域中实际问题的基本能力，为学生从事微生物学领域科研、教学、生产、开发等工作建立较好的微生物学理论和技术基础。微生物学是一门实践性很强的课程，因此要求学生在学习本课程时必须参加微生物学实验操作训练和掌握微生物学领域独特的现代生物技能。培养学生微生物实验设计能力。"
BIO2113F,微生物学实验,Microbiology Experiments,1.0,0.0-2.0,32,专业基础课程,独立设置实验（训练）课,生命科学学院,,,,不得申请免听,否,2,否,否,否,,"微生物学课程是国家理科基地生物学专业的主干课程，既是一门专业课程，又是一门为其他课程提供基础理论和基本技术的专业基础课，是生物学专业的骨干课程。微生物学实验课程包括了微生物学实验技能训练和微生物实验设计能力培养。通过本课程的学习，使学生能全面掌握和了解微生物学的基本技术，训练和学会分析和解决微生物学研究、生产领域中实际问题的基本能力，为学生从事微生物学领域科研、教学、生产、开发等工作建立较好的微生物学技术基础。"
BIO3015F,细胞生物学及实验（甲）,Cell Biology & Experiments (A),4.0,3.0-2.0,80,专业基础课程,理论含实验（训练）课,生命科学学院,,,,不得申请免听,否,3,否,否,否,071B0081,"内容主要包括三大部分：第一部分为细胞生物学基本知识及基本研究方法。第二部分为细胞各组分的形态结构和功能，包括细胞膜、细胞质基质、细胞器、细胞核以及细胞骨架等。第三部分为细胞基本生命活动的介绍，包括细胞增殖、分化、衰老与凋亡等。此外，还有大量的实验操作，学习细胞形态结构观察、组分分离，细胞培养，染色体分析、细胞融合等技术。"
BIO3016F,细胞生物学及实验（乙）,Cell Biology & Experiments (B),3.0,2.0-2.0,64,专业基础课程,理论含实验（训练）课,生命科学学院,,,,不得申请免听,否,3,否,否,否,071B0082,"细胞生物学以细胞的结构功能、增殖生长、分化发育、衰老死亡为主线，阐述细胞生命活动的物质、能量、信息与结构基础、代谢过程与调控等基本规律。授课内容主要包括三部分：第一部分为细胞生物学基础知识和主要研究技术与方法。第二部分为细胞各组分的形态结构和功能，包括生物膜系统、遗传信息表达系统和细胞骨架系统，涉及细胞膜与胞外基质、细胞质基质、内膜系统、各类细胞器的结构与功能、细胞骨架体系、细胞核与染色体；细胞分裂、分化、衰老和死亡等细胞生命活动及调控，涉及细胞周期与调控、细胞分化与发育、细胞衰老与死亡、细胞结构体系装配、基因表达调控、干细胞生物学等，第三部分为细胞连接等细胞社会性。并结合前沿进展介绍。此外有大量的实验操作，学习和训练细胞生物学的基本技能，包括学习细胞形态结构观察、组分分离、细胞膜的选择运输、细胞骨架观察、细胞凋亡和细胞周期检测等内容。"
BIO3025M,生物信息学,Bioinformatics,3.0,2.0-2.0,64,专业课,理论含实验（训练）课,生命科学学院,,,,可以申请免听,是,3,否,否,否,07120660,"本课程系统地概括了生物信息学学科的核心内容，包括生物学数据的获得与处理，数据库的内容、结构及数据的检索方式，序列比对的概念，基因组序列的注释，系统发生学，结构生物信息学，芯片及蛋白质组的数据分析以及生物信息学中的计算机环境等主要内容。通过系统的学习与实验，使学生能够掌握生物信息学的基础知识与概念，了解生物信息学网络资源，实践具体的操作方法。"
BIO3026M,遗传学及实验,Genetics & Experiments,4.0,3.0-2.0,80,专业课,理论含实验（训练）课,生命科学学院,,,,可以申请免听,是,3,否,否,否,07120710,"遗传学是研究基因的传递及其变异规律的一门科学。本课程主要介绍：一，孟德尔遗传学和摩尔根遗传学的基本原理；二，染色体的结构、功能和变异； 三，基因的结构、功能和变异；四，基因组学和表观遗传学；五，发育遗传学和基因表达调控；六，细胞质遗传和母性影响；七，复杂性状的基本遗传规律；八，群体遗传学和进化遗传学。"
BIO3030M,生物物理学,Biophysics,2.0,2.0-0.0,32,专业课,理论课,生命科学学院,,,,不得申请免听,是,3,否,否,否,07120970,"课程内容主要包括分子生物物理、膜与细胞生物物理、辐射生物物理、研究生物系统的物理方法和技术等。通过介绍蛋白质分子的结构基础、生物膜的结构与功能、辐射及其生物学效应、蛋白质结构预测和分析中的数理方法、研究生物系统的仪器技术与应用等，使学生了解生物物理学的基本概念和知识，熟悉研究生物系统的物理方法和技术。"
BIO3036MZ,细胞生物学,Cell Biology,4.0,3.0-2.0,80,专业课,理论含实验（训练）课,生命科学学院,,,,不得申请免听,是,3,否,是,否,071Q0010,"细胞生物学是以细胞为研究对象，从细胞的整体水平、亚显微水平、分子水平等三个层次，以动态的观点， 研究细胞和细胞器的结构和功能、细胞的生活史和各种生命活动规律的学科。细胞生物学是现代生命科学的前沿分支学科之一，主要是从细胞的不同结构层次来研究细胞的生命活动的基本规律。从生命结构层次看，细胞生物学位于分子生物学与发育生物学之间，同它们相互衔接，互相渗透。 运用近代物理学和化学的技术成就和分子生物学的方法、概念，在细胞水平上研究生命活动的科学。"
BIO3037MZ,遗传学,Genetics,4.0,3.0-2.0,80,专业课,理论含实验（训练）课,生命科学学院,,,,不得申请免听,是,3,否,是,否,071Q0011,"遗传学是研究基因的传递及其变异规律的一门科学。本课程主要介绍：一，孟德尔遗传学和摩尔根遗传学的基本原理；二，染色体的结构、功能和变异；三，基因的结构、功能和变异；四，基因组学和表观遗传学；五，发育遗传学和基因表达调控；六，细胞质遗传和母性影响；七，复杂性状的基本遗传规律；八，群体遗传学和进化遗传学。"
BIO3038MZ,发育生物学,Developmental biology,2.0,2.0-0.0,32,专业课,理论课,生命科学学院,,,,可以申请免听,是,3,否,是,否,071Q0012,"发育生物学是研究多细胞生物自我构建奥秘的科学，又是繁殖、育种、胚胎工程，基因工程，干细胞与组织器官工程等应用技术的发展，以及根本解决癌症防治等许多医学难题的理论基础。本课程以基因按照严格的时空秩序选择性表达所导致的细胞分化为主线，讲授多细胞生物发育的过程及其基本的细胞学、遗传学、分子生物学机制。"
BIO3039MZ,神经生物学,Neurobiology,3.0,2.0-2.0,64,专业课,理论含实验（训练）课,生命科学学院,,,,不得申请免听,是,3,否,是,否,071Q0013,"《神经生物学》作为一门独立的课程，是以脑为主要对象，研究脑的形态、功能和机体整合功能机制的科学。脑功能的正常与否直接影响人类的健康、生活质量和创造能力。因此，《神经生物学》被设定为生物专业的专业必修课。该课程将从分子、细胞、器官和系统多层次讲授神经生物学的发展史、神经元和胶质细胞的结构和功能、神经元间的信号传递与调控、信息整合等基本问题；还涉及神经系统的发育、学习记忆的细胞分子机制、神经内分泌调控以及重要神经精神疾病的生物学基础。课程思政融入点将反应近代中国著名神经科学家的贡献并结合到相关的专业内容中，并同时从“脑功能是意识的物质基础、意识是脑功能的体现” 神经生物学专业角度支持马克思主义哲学观的角度。"
BIO3040MZ,分子生物学,Molecular Biology,3.0,3.0-0.0,48,专业课,理论课,生命科学学院,,,,可以申请免听,是,3,否,是,否,071Q0017,"课程以核酸和蛋白质及其在遗传信息传递中的作用为研究对象，以中心法则作为主线，重点介绍DNA复制、 RNA转录、蛋白质翻译这些生命过程的基本原理及其调控机制，同时课程还介绍有关基因克隆、DNA重组和基因工程等分子技术、及表观遗传学、基因组学等领域的研究新进展。教学过程选用全英文教材，教学方式为中英文双语教学，课程除讲解教材内容外，还结合本领域优秀期刊论文解读，强化和提高学生的专业英语阅读和理解能力。"
BIO3041MZ,生态学,Ecology,3.0,2.0-2.0,64,专业课,理论含实验（训练）课,生命科学学院,,,,可以申请免听,是,3,否,是,否,071Q0018,"主要讲授生态学范畴、理论框架和科学方法论；生物及其与环境相互作用的基本原理、生物对环境的适应与进化；种群的基本特征、种群结构和动态、种间关系及种群遗传进化对策；群落结构与演替、生物多样性及其影响因素、全球生物多样性分布格局与维持；生态系统生产力与过程（能量流动、物质循环、信息传递）、生态系统服务功能；全球变化与生态适应等内容及相应实验技能。"
BIO3045M,动物生理学及实验（甲）,Animal Physiology And Experiments (A),4.0,3.0-2.0,80,专业课,理论含实验（训练）课,生命科学学院,,,,不得申请免听,否,3,否,否,否,07120021,"生理学是研究活的生物机体各种机能的科学。动物生理学在描述动物体各种机能现象的基础上，重点研究这些机能是怎样进行的，以及这些机能的活动规律、各种机能的控制或调节，包括这些机能在动物体内如何协调起来，各种机能如何密切配合形成一个统一的整体，以及这个整体又如何与外界环境相适应等问题。此外，本课程还包括动物生理学实验。"
BIO3046M,植物科学研究技术,Techniques In Plant Sciences,2.0,0.0-4.0,64,专业课,独立设置实验（训练）课,生命科学学院,,,,不得申请免听,否,3,否,否,否,07120030,"本课程是一门开放研究式教学的专业选修课。通过学习植物科学四个领域（植物系统进化学、植物生理学、植物分子生物学、植物化学）的基本实验技术、数据分析方法及基本原理，使学生深入了解和熟练掌握植物科学研究的基本技能，进一步训练科研思维方式。教学方式以实验训练为主，理论讲解和小组讨论为辅。"
BIO3047M,基因工程,Genetic Engineering,1.5,1.5-0.0,24,专业课,理论课,生命科学学院,,,,可以申请免听,否,3,否,否,否,07120060,"课程定位于“专业性、系统性、趣味性和学科交叉性”，内容从基因与基因工程概念入门，深入到基因工程的各种手段与方法，直至现代基因工程技术；同时课程还从微生物、植物和动物等多角度阐述基因工程技术及其应用。本课程配有相应的多媒体教学，采用电子邮件答疑进行辅导。"
BIO3050M,动物行为学原理,Theory Of Animal Behavior Science,2.0,2.0-0.0,32,专业课,理论课,生命科学学院,,,,可以申请免听,是,3,否,否,否,07120190,"本课程将着重讲授动物行为的多样性、遗传和进化、动物的空间行为、取食行为、防御行为、集群、社会行为与通讯、生殖行为等方面的内容，并在授课过程中结合介绍相关的人类行为问题。使学生掌握动物行为的基本概念，掌握动物行为学和行为生态学的定义和基本原理，进一步加深对生命现象本质的认识与理解。"
BIO3051M,微生物学研究技术,Research Techniques In Microbiology,2.0,0.0-4.0,64,专业课,独立设置实验（训练）课,生命科学学院,,,,不得申请免听,否,3,否,否,否,07120210,"《微生物学研究技术》专为对微生物兴趣浓厚，微生物学成绩优秀、英语较好、希望在微生物学方向攻读研究生的学生开设。课程内容包括学习微生物学前沿基础研究技术的理论和训练实际操作技能，利用所学技能完成一项具体的研究任务，以及课程论文和实验设计论文的写作。通过本课程的学习，使学生能全面掌握和了解微生物学的基础研究技术的理论和实际运用，训练和学会分析和解决微生物学研究中实际问题的基本能力，并具有一定的论文写作能力。"
BIO3052M,微生物分子生物学,Microbial Molecular Biology,2.0,1.5-1.0,40,专业课,理论含实验（训练）课,生命科学学院,,,,可以申请免听,是,3,否,否,否,07120220,"微生物分子生物学是以微生物为研究对象的分子水平上的微生物学。本课程重点讲述在现代生物工业中占有重要经济与社会意义的微生物种的分子生物学、基因组及其实际应用。侧重探讨、解析微生物中与经济有关性状的功能基因的结构、表达和环境因子对其表达的影响及其规律，以及人工改建目的基因、代谢通路和调控其高效表达的科学途径与方法。"
BIO3053M,神经生物学,Neurobiology,2.0,1.5-1.0,40,专业课,理论含实验（训练）课,生命科学学院,,,,可以申请免听,是,3,否,否,否,07120250,"神经生物学内容包括八章内容，主要讲授神经系统包括脑的基本结构，组成和重要功能以及神经生物学的主要研究方法；神经系统发育；神经电信号和突触的结构和功能；神经递质与神经肽及其神经受体；感觉系统组成和功能，视觉系统结构和信号转导以及嗅觉受体功能和结构；运动系统组成和功能，神经系统高级功能，包括睡眠和觉醒，学习记忆，情绪和行为；神经-内分泌免疫-网络组成和功能。 该课程以教师课堂讲授为主，实验课程为辅。实验课程综合安排神经科学的研究方法中的关键技术和方法的展示，重要功能学习记忆的水迷宫和八臂迷宫检测, 重要仪器使用和操作。教学主要采用课堂授课，双语教学，英文教材。"
BIO3055M,环境生物学,Environmental Biology,2.0,2.0-0.0,32,专业课,理论课,生命科学学院,,,,可以申请免听,是,3,否,否,否,07120290,"环境生物学是研究生物与受人类干扰的环境之间相互关系的一门科学。本课程要求通过学习基本环境生物学学科特点及其与其他相关课程的区别与联系、环境污染物的行为，环境污染物的生物学效应（包括环境污染物对生命系统不同组织层次上生命过程的影响），生物监测与评价，环境污染的生物净化和生物修复等环境生物学基本概念、理论和基本实验方法技能。通过课堂教学和指定最新高水平期刊文献精读、展示与课堂讨论环节，使学生从理论知识基础体系和最新研究进展两个方面学到环境生物学的基本知识和前沿热点。"
BIO3056M,生物学数据库及实验,Biological Database And Experiment,2.0,1.5-1.0,40,专业课,理论含实验（训练）课,生命科学学院,,,,不得申请免听,否,3,否,否,否,07120371,"本课程主要介绍了数据库技术从原理到应用实践的主要内容。要求学生通过本课程学习后，较全面地掌握数据库系统的基本概念和基本原理，深入理解关系数据模型、关系数据理论和关系数据库系统，掌握关系数据语言；掌握数据库设计方法，具有一定的数据库设计能力，初步具备使用数据库技术和方法解决生物数据库的实际应用问题的能力，为今后从事生物信息学的开发及相关工作打下坚实的基础。"
BIO3057M,细胞工程,Cell Biotechnology,1.5,1.5-0.0,24,专业课,理论课,生命科学学院,,,,可以申请免听,是,3,否,否,否,07120390,"细胞工程是现代生物技术的重要组成部分，它是细胞生物学、遗传学、分子生物学、生物化学、生理学、发育生物学等学科的交叉渗透。细胞工程代表着生物技术最新的发展前沿，伴随着当代生命科学技术的快速发展，细胞工程农业、医药、食品、环境保护等领域发挥着越来越重要的作用。本课程通过举例方式重点讲授现代细胞工程的应用基础、应用技术和原理。"
BIO3058M,计算生物学导论,Introduction Of Computational Biology,2.5,2.0-1.0,48,专业课,理论含实验（训练）课,生命科学学院,,,,可以申请免听,否,3,否,否,否,07120460,"本课程为对计算生物学有兴趣的本科生开设。本课程首先介绍计算生物学中的一些常见基本概念，随后详细讨论分子力学、能量最小化方法、分子动力学模拟、Monte Carlo模拟和自由能计算等常用计算生物物理学手段的基本原理，最后再介绍计算生物学在蛋白质折叠与结构预测、蛋白质相互作用、膜蛋白研究等生物学重要问题上应用。本课程实践部分包含VMD、Gromacs等常用计算生物学软件的使用方法及在生物学研究中的应用。"
BIO3060M,蛋白质组学,Proteomics,2.0,1.5-1.0,40,专业课,理论含实验（训练）课,生命科学学院,,,,不得申请免听,否,3,否,否,否,07120590,"蛋白质组是一种生物或细胞或组织在精确控制其环境条件下，特定时刻所表达的全套蛋白质。本课程介绍应用二维电泳、生物质谱以及数据库技术对蛋白质组进行高通量的定性和定量分析的技术、方法及其应用，包括四大方面：1、蛋白质组学的产生背景及其特点；2、蛋白质组学高通量研究技术；3、蛋白质组学分析技术在蛋白质组定量分析、蛋白质翻译后修饰、蛋白质亚细胞定位、蛋白质相互作用组等分析中的应用；4、蛋白质组学在宏蛋白质组学、新药研发、疾病诊断等方面的应用。"
BIO3061M,高级生物化学,Advanced Biochemistry,3.0,2.0-2.0,64,专业课,理论含实验（训练）课,生命科学学院,,,,不得申请免听,否,3,否,否,否,07120600,"《高级生物化学》是继基础生物化学课程，基于经典生物化学基础知识，主要讲授基因表达调控；蛋白质结构和功能；激素合成、分泌及其作用机制；细胞信号转导；糖链的生物合成及蛋白的糖基化修饰的生物学功能和分子机制；还有RNA剪辑以及非编码RNA的生物学功能和调节机制。着重阐述生物化学的基本理论，基本概念和基本规律，并结合生物化学研究中的最新进展，以及介绍相关的生化研究策略和方法。"
BIO3062M,生物数据挖掘与知识发现,Biological Data Mining & Knowledge Discovery,2.0,1.5-1.0,40,专业课,理论含实验（训练）课,生命科学学院,,,,不得申请免听,否,3,否,否,否,07120640,"本课程将在生物信息学必修课的基础上，从实际研究的角度，采用问题教学法（Problem based learning），从应用的角度系统地介绍生物信息的表示和整合，以及生物信息学中的机器学习研究工作所需要的理论体系。课程要求实际完成一项简单的研究工作，在此过程中培养有兴趣在计算生物学领域继续发展的学生。本课程为研究型课程。"
BIO3065M,序列与基因组分析,Sequence And Genome Analysis,2.0,1.5-1.0,40,专业课,理论含实验（训练）课,生命科学学院,,,,可以申请免听,否,3,否,否,否,07120700,"本课程主要介绍了序列收集与储存、序列对的对位排列、相似序列的数据库搜索、基因预测、蛋白质序列分析等内容。要求学生通过本课程学习后，掌握数据库搜索、蛋白质序列分析及基因预测等一些生物信息学的基本知识，了解相关内容的计算机解决方法，能独立的对相应的序列和基因组数据进行合理分析。"
BIO3066M,英语口语,Oral English,1.5,1.5-0.0,24,专业课,理论课,生命科学学院,,,,不得申请免听,是,3,否,否,否,07120760,"主要通过聚焦于如何使用英语进行正式报告，提高学生英语汇报能力和表达技巧。 讲授英语演讲中的正确方法，通过实例指出常见错误，对比好的和差的实践效果。每位学生得到三次机会在全班进行实践演讲，前两次作为锻炼，并得到老师的评价和指导如何提高，第三次正式演讲，得到最终评分。"
BIO3069M,生态系统学,Ecosystem Ecology,2.0,2.0-0.0,32,专业课,理论课,生命科学学院,,,,可以申请免听,是,3,否,否,否,07120860,"生态系统生态学是生态学和环境学相关专业的核心专业课程之一。本课程采用与国际一流大学同步的讲义和课件，主要讲授生态系统结构、过程及其调控的特征和规律、分析和研究方法、前沿进展和应用等。使学生掌握国际先进的生态系统生态学知识和研究创新技能, 应对和解决人类面临的相关挑战。"
BIO3070M,保护生物学（甲）,Conservation Biology (A),4.0,3.0-2.0,80,专业课,理论含实验（训练）课,生命科学学院,,,,不得申请免听,否,3,否,否,否,07120871,"《保护生物学》（甲）是生命科学学院生态学本科专业必修的专业主干课程，包括课堂教学（42学时）和野外实际案例展演教学（38学时）【朱鹮（鸟类）和扬子鳄（爬行类）等2个国家I级重点保护的濒危动物及其栖息地拯救工程案例】两部分。本课程以人类社会各历史发展阶段过度消耗自然资源和毁灭生物多样性的经典例证为主线，系统深入地讲授（1）保护生物学发展史、（2）相关理论和技术方法的研究与突破、（3）物种灭绝与濒临灭绝机制，以及（4）人类通过干预措施减小物种灭绝速率和加强生物多样性保护等内容。"
BIO3071M,代谢生态学及实验,Metabolic Ecology And Experiments,3.0,2.0-2.0,64,专业课,理论含实验（训练）课,生命科学学院,,,,不得申请免听,否,3,否,否,否,07120880,"本课程主要涉及三个方面的内容：一、代谢生态学的发展历史与基本概念：包括代谢生态学兴起的背景与过程，代谢生态学研究的基本范围，基本概念和研究手段；二、植物生长与发育的重要生理过程及其对生态因子的响应：光合同化物的产生、运输与消耗，水分与矿质营养的吸收、转运和利用效率，物质的循环与能量的平衡，对特殊生境在生理学以及遗传学上的适应，对生物胁迫的防御；三、种间竞争、种群密度与自疏。 本课程属于双语教学课程，将采用讲授与实验相结合的方法。"
BIO3072M,群落与生态系统生态学,Population And Ecosystem Ecology,2.0,2.0-0.0,32,专业课,理论课,生命科学学院,,,,可以申请免听,是,3,否,否,否,07120910,"群落和生态系统生态学是生态学及相关专业的 核心专业课程之一。本课程结合外文经典著作和教材，主要讲授生物群落和生态系统结构、过程及其调控的特征和规律、分析和研究方法、前沿进展和应用等。群落和生态系统生态学回答的问题包括为什么生物多样性存在纬度梯度格局；热带雨林产生大量生物量但土壤积累很薄的枯枝落叶层；为什么大气二氧化碳浓度呈锯齿状波动等等。使学生掌握国际先进的群落生态系统生态学知识和研究创新技能, 应对和解决人类面临的相关挑战。"
BIO3073M,全球变化生态学,Global Change Ecology,2.0,2.0-0.0,32,专业课,理论课,生命科学学院,,,,可以申请免听,是,3,否,否,否,07120920,"全球变化越来越成为世界各国专家学者、政策制定者乃至普通民众关注焦点。本课程将立足全球变化基础研究前沿和国家战略需求，面向我校相关专业高年级本科生，系统阐述全球变化因子对地球生态系统结构与功能的影响机制，探讨应对全球变化的可能对策。 本课程依据当前生态学研究的主流方向，将课程内容划分为森林、草地、苔原、农田、地下、模型、干扰等特色模块。课程内容主要包括:(1)碳、氮与水在陆地、海洋与大气系统的循环特征；（2）全球变化（如CO2浓度增加、气候变暖、降雨频率与强度变化等）对生态系统影响及反馈机制；（3）物种入侵、土地利用方式变化的生态系统效应；（4）生物多样性降低及后果、减排与生态系统碳固持、未来全球变化条件下的农业生产与发展等。"
BIO3074M,病理分子生物学,Molecular Pathology,1.5,1.5-0.0,24,专业课,理论课,生命科学学院,,,,可以申请免听,是,3,否,否,否,07120950,"本课程主要涉及：1）病理分子生物学研究方法，2）病理情况下基因结构与基因功能的研究，3）相关重大疾病的发病机理以及研究进展，如心血管疾病及相关老年疾病的分子机制的研究等。通过对病理分子生物学基础知识及前沿研究方向的学习，学生将会对该领域有更深入的了解。"
BIO3075M,工程生物学,Engineering Biology,1.5,1.5-0.0,24,专业课,理论课,生命科学学院,,,,不得申请免听,否,3,否,否,否,07120960,"本课程主要涉及：1）工程生物学的基本原理和研究方法，2）工程生物学领域的前沿技术进展和工具开发，3）工程生物学技术的相关应用研究进展包括生物传感、生物计算、生物制造和生物治疗。此外，本课程还涉及科学文献检索，自主课题设计和计划的撰写等。通过对工程生物学基础知识及前沿研究方向的学习，学生将会对该领域有更深入的了解及为学生将来在工程生物学方面继续深入研究做好了充分的准备。"
BIO3076M,生物物理与仪器分析,Biophysics And Instrumental Analysis,3.0,3.0-0.0,48,专业课,理论课,生命科学学院,,,,不得申请免听,是,3,否,否,否,07120980,"课程内容主要包括分子生物物理、膜与细胞生物物理、辐射生物物理与光生物物理、研究生物系统的物理方法和技术、理论生物物理等。通过介绍蛋白质分子的结构基础、生物膜的结构与功能、辐射及其生物学效应、蛋白质结构预测和分析中的数理方法、研究生物系统的仪器技术与应用等，使学生了解生物物理学的基本概念和知识，熟悉研究生物系统的物理方法和仪器分析技术。"
BIO3077M,生物物理与仪器分析实验,Biophysics And Instrumental Analysis Experiments,2.0,0.0-4.0,64,专业课,独立设置实验（训练）课,生命科学学院,,,,不得申请免听,否,3,否,否,否,07120990,"生物物理与仪器分析实验课程是通过一系列实验课程学习，使得理论与实践相结合，学生能够总体上掌握有关生物物理学仪器的基本理论、仪器分析的基本思想方法和主要分析仪器的基本操作，学会利用生物物理学的理论与仪器分析技术方法分析和解决问题，激发学生的创新精神，强化技能培养，培养求真、求实的科学品德和科研能力，提高科研动手能力，为科学研究奠定基础。"
BIO3081M,基因工程技能训练,Technical Training Of Gene Engineering,3.0,+3,96,专业课,独立设置实验（训练）课,生命科学学院,,,,不得申请免听,否,3,否,否,否,07188121,"基因工程是一门实验性很强的学科，对生物学、农学、医学和药学各学科的基础研究和实验方法的发展都有重要作用。本课程是探究分子克隆的技术体系的技能训练课程。以靶基因获取、表达、鉴定以及纯化、测活为主线，集中分子克隆中经典的方法以及最新的研究技术，充分体现先进性，系统性和综合性的特点。"
BIO3082M,细胞工程技能训练,Technology Training Of Cell Engineering,3.0,+3,96,专业课,独立设置实验（训练）课,生命科学学院,,,,不得申请免听,否,3,否,否,否,07188141,"细胞工程技能训练作为细胞工程理论课程的实战练习，课程以单克隆抗体制备为主线,以细胞培养、细胞融合、细胞的冻存与复苏以及抗体检测为重点,通过反复的操作训练,使学生熟练掌握关键技术，再通过自主实验培养学生的兴趣和激发学生的创新热忱，为今后从事生物技术的研究与开发打下很好的基础。"
BIO3084M,科研实践,Scientific Research Practice,2.0,+2,64,专业课,独立设置实验（训练）课,生命科学学院,,,,不得申请免听,否,3,否,否,否,07188181,"科研实践课程是开放式、综合性的科研训练过程，旨在训练学生“探究式”学习方法和培养学生科学思维的能力；使学生在创新意识、科研能力、合作精神等方面得到训练和提高；培养学生发现生物学问题并综合运用现代生物学技术解决实际问题的能力；培养学生的科研道德、团队合作和勇于创新的精神。"
BIO3088M,进化生物学,Evolutionary Biology,2.0,2.0-0.0,32,专业课,理论课,生命科学学院,,,,不得申请免听,否,3,否,否,否,07190040,"进化（演化，evolution）被认为是改变世界的思想，也是生物学中最大的统一理论。本课程面向生命科学类三四年级学生介绍这一统一理论。课程内容包括进化生物学的基本科学问题、核心理论、达尔文之前和之后的理论发展、理论和方法的应用。课程面向关键性科学问题和全球性挑战的场景，从主要的进化式样入手，以大量的化石、形态以及基因和基因组等方面的实例，学习生命之树和自然选择的原理、分子进化的中性理论和近中性理论、群体遗传学理论等；同时还介绍化石物种、生物大灭绝等宏进化，遗传漂变、基因流、自然和人工选择等微进化，人类自身的进化历史等。本课程采用教师授课与学生分组读书报告相结合的教学方式。"
BIO3089M,合成生物学,Synthetic Biology,2.0,2.0-0.0,32,专业课,理论课,生命科学学院,,,,可以申请免听,是,3,否,否,否,07190250,"本课程主要介绍合成生物学的基本内容和应用，分别从合成生物学的基本方法与技术、DNA元件分析与回路构建、合成生物学应用等三大部分讲解。课程要求实际完成一项简单的研究工作，在此过程中培养有兴趣在合成生物学领域继续发展的学生。本课程为研究型课程。"
BIO3090M,免疫学,Immunology,2.0,2.0-0.0,32,专业课,理论课,生命科学学院,,,,可以申请免听,是,3,否,否,否,07191040,"免疫学是生命科学的前沿学科，不仅与生命科学其他基础学科密切相关，且已渗透至医学、分子生物学等学科，成为一门重要的基础和应用学科。通过对《免疫学》学习，使学生掌握机体免疫器官、免疫细胞及免疫分子的概念、结构和功能特点，掌握免疫系统在正常情况下执行生理性的免疫应答、而在一定条件下导致免疫性疾病的机制。为今后学好生命科学其他课程及科研打下基础。"
BIO3091M,病毒学,Virology,2.0,2.0-0.0,32,专业课,理论课,生命科学学院,,,,不得申请免听,否,3,否,否,否,07191050,"病毒学是现代生命科学的重要分支学科。近年来，由于病毒与人类有着密切的关系，病毒不仅可以引起人类许多严重的疾病，包括席卷全球的艾滋病、肝炎、流感和SARS等，而且还与肿瘤和慢性疾病密切相关。另外，病毒病又对现代农业、畜牧业等构成严重威胁，造成巨大的经济损失，病毒学在生命科学中的地位和作用日益突出。"
BIO3092M,生物制药学,Biopharmaceutics,2.0,2.0-0.0,32,专业课,理论课,生命科学学院,,,,可以申请免听,是,3,否,否,否,07191110,"本课程是生物技术专业的选修课。通过介绍生物制药的概况、新药的评价指标、药物生产管理规范和生产工艺，使学生充分了解包括基因工程生物药物在内的一些重要的生物药物的生产制备原理、工艺流程、质量控制、研究开发、发展前景，使学生对现代生物制药有基本认识，为学生今后在生物制药领域有关的科研、生产工作打下良的好基础。"
BIO3093M,生物显微和超微技术,Microscopic Technique And Ultramicroscopy,3.0,1.0-4.0,80,专业课,理论含实验（训练）课,生命科学学院,,,,不得申请免听,否,3,否,否,否,07192090,"生物显微与超微技术是一门技术性课程，同学们通过本课程的学习和技术训练，在了解生物光学显微镜和电子显微镜的基本知识和工作原理的基础上，掌握光学显微镜和电子显微镜的各种生物样品制备技术及光学显微镜和电子显微镜的操作技术。"
BIO3094M,分子杂交技术（含基因芯片）,An Introduction To Molecular Hybridization,3.0,1.0-4.0,80,专业课,理论含实验（训练）课,生命科学学院,,,,不得申请免听,否,3,否,否,否,07192100,"随着分子生物学的迅速发展，分子杂交技术已被广泛地应用于分子生物学各领域，如克隆基因的筛选、酶切图谱的制作、基因组中特定基因序列的定性、定量检测和疾病的诊断等方面。分子杂交已成为分子生物学中不可或缺的研究工具。本课程涵盖了分子杂交技术的主要内容，主要介绍分子杂交的基本概念以及各种分子杂交方法的基本原理和方法等。实验内容包括非放射性标记核酸探针的制备；Plaque杂交；Northern杂交及Western杂交等"
BIO3095M,免疫学技术,Techniques In Immunology,3.0,0.0-6.0,96,专业课,独立设置实验（训练）课,生命科学学院,,,,不得申请免听,否,3,否,否,否,07192120,"免疫学技术是生命科学研究的重要手段之一，掌握该技术对从事生命科学及相关领域的科研非常重要。通过本课程的教学，使学生在免疫学基本实验技能上得到良好训练，并接触相关前沿技术，为更好地从事生命科学研究打下基础。本课程的教学内容包括流式细胞术、激光共聚焦显微镜技术、电子显微镜技术、冰冻切片与酶细胞化学、干细胞培养与分化试验、细胞凋亡诱导与检测、免疫血清制备、免疫荧光标记技术、巨噬细胞分离与吞噬功能测定、淋巴细胞分离与转化试验、免疫电泳技术、协同凝集试验、双向琼脂扩散试验、酶联免疫吸附试验、抗肿瘤细胞药物试验、NK细胞活性测定等。"
BIO3096M,天然成份分离鉴定技术,Natural Products Isolation And Identification Technology,3.0,0.0-6.0,96,专业课,理论含实验（训练）课,生命科学学院,,,,不得申请免听,否,3,否,否,否,07192130,"天然成份是生物体中的重要结构功能性成份，具有极其重要的研究价值。了解和掌握天然成份的提取和分离技术及其结构鉴定方法，是研究生物体结构和功能活性的关键环节之一。通过本课程的学习，了解和掌握现代天然成份的分离鉴定方法，为学生进一步理解生命运行机制和研制天然药物奠定坚实的基础。"
BIO3097M,生物仪器分析及技术,Bioinstrumentation Analysis & Technology,2.0,1.5-1.0,40,专业课,理论含实验（训练）课,生命科学学院,,,,不得申请免听,否,3,否,否,否,07192150,"《生物仪器分析及技术》主要讲述在生物领域中常用的分析技术与方法，详细分析了各种方法的原理、适用范围、优势、检测精度、影响因素、使用方法等内容，并且详细讲述了上述方法所依托的最常用的仪器的结构和主要器件的功能。本课程包含了生物、物理、化学、电子仪器等学科的交叉内容，在讲述基本原理和经典方法的同时，跟踪世界最新的生物分析技术和方法，在让学生掌握基础知识的同时，开阔眼界，了解生物分析检测技术前沿内容。"
BIO3099M,植物化学与天然药物分析,Phytochemistry And Natural Pharmaceutical Analysis,2.0,2.0-0.0,32,专业课,理论课,生命科学学院,,,,可以申请免听,是,3,否,否,否,07192270,"植物化学与天然药物分析是运用现代科学理论与方法研究和分析植物中化学和药效成分的一门学科。其研究内容包括植物的化学成分，尤其是药用植物中具有生物活性的成分的结构特征、物理化学性质、提取方法以及主要类型化学成分的结构鉴定和天然药物的分析方法。这些研究结果，一方面有利于从化学成分的角度研究植物的亲缘关系；另一方面可寻找具有生理活性的化合物，治病救人，造福于人民。如具有抗癌活性的化合物紫杉醇是从红豆杉的树皮中分离出来的，抗疟疾的化合物青蒿素是从青蒿中分离得到的等实例。"
BIO3100M,植物系统与分子进化,Plant Systematics And Molecular Evolution,2.0,2.0-0.0,32,专业课,理论课,生命科学学院,,,,可以申请免听,是,3,否,否,否,07192280,"系统与分子进化是生物科学、生物技术、农学等专业的重要课程。该课程主要是介绍系统与分子进化的基本原理以及如何利用分子生物学方法与技术，研究生物多样性的起源与进化规律以及系统发育关系，由基本知识和基本技能两部分组成：前者涵盖分类学、分子生物学、系统发育学、亲缘地理学及进化生物学等学科的基本原理与方法；后者包括如何利用生物信息手段进行系统发育树的构建、遗传变异检测、谱系地理结构与群体进化历史分析、转录组数据分析与适应性进化分析等。通过理论与实践相结合的方式培养学生运用所学知识和技能开展系统与进化方面的研究与创新能力。"
BIO3101M,分子生态学,Molecular Ecology,2.0,2.0-0.0,32,专业课,理论课,生命科学学院,,,,可以申请免听,是,3,否,否,否,07192310,"分子生态学是从分子水平研究生态学问题的一门综合性课程，课程目标是引导学生熟练运用分子生物学的原理和方法研究生态学、生物进化、生物行为和保护等科学问题。课程致力于探讨生物与环境间相互作用的分子生物学基础，是生态学专业的重要专业基础课程。本课程内容涵盖分子遗传学的基础原理和技术方法，重点介绍生态学领域用到遗传物质、分子标记的类型，及其在种群的遗传分析中的应用。本课程设计作为生态学专业的专业基础课程，也可用于生物学、环境科学专业及农学等相关专业的选修课程。本课程采用中文和英文结合的双语教学。"
BIO3102M,微生物生态学,Microbial Ecology,2.0,2.0-0.0,32,专业课,理论课,生命科学学院,,,,不得申请免听,是,3,否,否,否,07192330,"微生物生态学是研究微生物与周围生物和非生物环境之间相互关系的一门科学。课程的主要内容包括5方面：（1）正常自然环境中微生物的分布、分布规律；（2）极端自然环境中微生物的分布特点和应用；（3）微生物与非生物环境因素的关系；（4）微生物与生物因素的关系；（5）微生物生态学与社会可持续发展。本课程通过学习基本知识、研读研究进展和学术演讲，旨在使学生打好基础、拓宽视野，在学习大量知识的同时，培养学生用生态学的思维对待和思考各种微生物学问题。"
BIO3103M,生物地理学,Biogeography,2.0,2.0-0.0,32,专业课,理论课,生命科学学院,,,,不得申请免听,否,3,否,否,否,07192340,"生物地理学是生态学、生物科学等专业的重要课程。该课程是生物学和地理学的交叉学科，主要研究生物在时间和空间上的分布，即生物群落及其组成成分在地球上的分布模式及其形成原因。本课程将从生态生物地理学和历史生物地理学两个视角审视植物和动物的分布，前者包括生物群落、气候、植被等方面的知识，后者包括植物区系学、系统发育学、古植物学等方面的内容。课程内容包括课堂教学、随堂测验、实地考察、自主研究等模块。通过理论与实践相结合的方式培养学生运用所学知识和技能开展生物地理学方面的研究与创新能力。"
BIO3104M,景观生态学与生态规划,Landscape Ecology And Ecological Planning,2.0,2.0-0.0,32,专业课,理论课,生命科学学院,,,,可以申请免听,是,3,否,否,否,07192370,"本课程是结合景观生态学原理与规划设计方法的专业选修课程，旨在培养具有生态理念和可持续发展规划意识的新型人才。理论讲解包括景观生态学与生态规划的核心概念、发展历史、理论基础、生态修复、区域生态规划与设计等内容，让学生深入了解景观格局与生态规划之间的相互作用。通过案例分析和实践指导帮助学生掌握景观格局与生态过程分析、生态规划方法以及可持续景观设计等技能，让学生深入了解如何将生态原则应用于城市、乡村和区域的规划与管理之中。强化学生对生态规划在国家发展中重要作用的认识，培养学生在中国生态规划领域的创新实践能力和社会责任感。"
BIO3107M,微藻与作物生产及环境修复,Environmental Ecological Restoration Technology,2.0,2.0-0.0,32,专业课,理论课,生命科学学院,,,,不得申请免听,否,3,否,否,否,07192440,"本课程主要面向农学、环境及生物专业本科生在介绍微藻在作物生产及环境修复中的应用的最新研究进展。课程内容包括藻类概述、微藻在粮食作物和蔬菜作物生产中的应用及微藻对作物的影响机制、微藻在土壤和废水修复中的应用及微藻去除污染物（重金属、农药、盐分等）的机制。课程注重培养学生研读英文专业文献及专业英语写作的能力。课程内容具有较鲜明的时代特征，在学科交叉的教学方面有显著特色。"
BIO3108M,系统和分子进化学,Systematics And Molecular Evolution,3.0,3.0-0.0,48,专业课,理论含实验（训练）课,生命科学学院,,,,不得申请免听,是,3,否,否,否,07192450,"详细介绍系统发育学和群体遗传学基本原理，着重学习遗传分子变异构建系统发育树和计算机模拟物种形成和种群分化历史的原理和计算机操作训练，并对分子进化学的经典领域（包括物种形成、自然选择、中性理论等）进行深入专题探讨。"
BIO3109M,生物物理学,Biophysics,3.0,3.0-0.0,48,专业课,理论课,生命科学学院,,,,不得申请免听,否,3,否,否,否,,"课程内容主要包括分子生物物理、膜与细胞生物物理、辐射生物物理、研究生物系统的物理方法和技术等。通过介绍蛋白质分子的结构基础、生物膜的结构与功能、辐射及其生物学效应、蛋白质结构预测和分析中的数理方法、研究生物系统的仪器技术与应用等，使学生了解生物物理学的基本概念和知识，熟悉研究生物系统的物理方法和技术。"
BIO3110M,生物物理与仪器分析,Biophysics and instrumental analysis,2.0,2.0-0.0,32,专业课,理论课,生命科学学院,,,,不得申请免听,否,3,否,否,否,,"课程内容主要包括分子生物物理、膜与细胞生物物理、辐射生物物理与光生物物理、研究生物系统的物理方法和技术、理论生物物理等。通过介绍蛋白质分子的结构基础、生物膜的结构与功能、辐射及其生物学效应、蛋白质结构预测和分析中的数理方法、研究生物系统的仪器技术与应用等，使学生了解生物物理学的基本概念和知识，熟悉研究生物系统的物理方法和仪器分析技术。"
BIO4031M,发育生物学,Developmental Biology,2.0,2.0-0.0,32,专业课,理论课,生命科学学院,,,,可以申请免听,是,4,否,否,否,07190450,"本课程向生物相关学科的三年级学生介绍现代发育生物学发展的全貌。课程内容包括发育生物学研究的基本方法，以及性别决定、配子发生、受精、干细胞与细胞分化、卵裂、胚层形成与形态发生、体轴形成、器官发生等生命过程中的细胞及分子机制，并介绍成体组织、器官形成与再生机理。课程注重讲授发育生物学研究的思想和方法，培养学生科研逻辑和思路。课程内容具有鲜明的时代特征。"
BIO4032M,发育生物学实验,Developmental Biology Lab,1.0,0.0-2.0,32,专业课,独立设置实验（训练）课,生命科学学院,,,,不得申请免听,否,4,否,否,否,07190460,"发育生物学是研究多细胞生物自我构建奥秘的科学，又是繁殖、育种、胚胎工程，基因工程，干细胞与组织器官工程等应用技术的理论基础。发育生物学实验课程教学内容包括观察模式动物斑马鱼和爪蟾胚胎发育的过程；学习发育生物学研究中常用的基因表达和功能分析技术；检测关键发育调控基因表达的时空模式以及与胚胎形体模式形成的关系。"
BIO4044MZ,科研训练,Scientific Research Traing,3.0,2.0-2.0,64,专业课,理论含实验（训练）课,生命科学学院,,,,不得申请免听,是,4,否,是,否,071Q0019,"科研训练课程是开放式、综合性的科研训练过程，旨在训练学生“探究式”学习方法和培养学生科学思维的能力；使学生在创新意识、科研能力、合作精神等方面得到训练和提高；培养学生发现生物学问题并综合运用现代生物学技术解决实际问题的能力；培养学生的科研道德、团队合作和勇于创新的精神。"
BIO4049M,动物繁殖生物学,Animal Reproductive Biology,2.0,2.0-0.0,32,专业课,理论课,生命科学学院,,,,可以申请免听,是,4,否,否,否,07120170,"《动物繁殖生物学》是发育生物学、生理学的一个重要分支。目前动物繁殖生物学已成为国际上最活跃最具挑战性的学科之一，也是研究热门话题最为集中的领域。该课程将系统介绍以下知识点：生殖器官的结构与功能，精子发生与卵子发生，精子成熟和卵子成熟，受精及胚胎着床，妊娠原理，分娩与泌乳，性别决定，激素对生殖的调控，生殖健康，繁殖生物学研究技术以及最新进展。这门课程不仅将使学生不再对生殖现象感到神秘，而且会激发学生对这一研究领域的浓厚兴趣。通过学习，（1）要求学生了解生殖过程的各个环节，掌握一些重要的概念，同时了解生殖生物学领域的最新研究动态。（2）要求学生树立正确的世界观，作为一个浙大人，应有远大的奋斗目标，以贝时璋等前辈为楷模，为浙大的发展、为中国的教育事业贡献自己的青春。本课程共32学时，均为理论教学，分8周完成。"
BIO4054M,生态科学研究技术,Ecological Science Research,2.0,0.0-4.0,64,专业课,独立设置实验（训练）课,生命科学学院,,,,不得申请免听,否,4,否,否,否,07120270,"生态科学研究技术通过野外取样及观测技术、实验室分析技术、生态工程技术、模型模拟技术，培养学生掌握生态学研究的基本技术和思想方法，进一步了解其他高科学技术在现代生态学研究中的应用，使学生在毕业走向工作岗位后能迅速适应与生态学有关的科研部门工作或其他工作，对社会发展起到应有的作用。"
BIO4059M,恢复生态学,Restoration Ecology,2.0,2.0-0.0,32,专业课,理论课,生命科学学院,,,,可以申请免听,是,4,否,否,否,07120500,"人类活动影响和改变了自然生态系统的发展历程。在现在科学技术和生产生活活动的强度干扰下，包括自然生态系统在内的各类生态系统出现了不同程度的受损，从而表现出生态系统组分、结构、过程、功能及系统稳定性和生产力出现恶化性改变。如何保护现有的自然生态系统，综合整治与恢复已退化生态系统，以及重建可持续的人工生态系统，已成为摆在人类面前亟待解决的重要课题。在这种背景之下，恢复生态学(Restoration Ecology)应运而生并迅猛发展，现已日益成为世界各国的研究热点。恢复生态学是20世纪80年代迅速发展起来的现代应用生态学的一个分支。生态恢复是研究生态系统退化的原因、退化生态系统恢复与重建的技术和方法及其生态学过程和机理。生态恢复的关键是系统功能的恢复和合理结构的构建。本课程主要介绍了有关恢复生态学的产生、发展、理论与内容体系；生态恢复工程与技术原理；农田、矿区土壤的生态恢复技术；湖泊水体生态恢复；退化森林与生态公益林的恢复与建设；草地生态恢复技术；小流域生态系统的恢复重建技术；生态脆弱带的生态恢复重建技术；自然保护区的生态保护技术。"
BIO4063M,生物芯片原理及数据分析,Microarray Analysis,2.0,1.5-1.0,40,专业课,理论含实验（训练）课,生命科学学院,,,,可以申请免听,是,4,否,否,否,07120650,"本课程系统概括了生物芯片（微阵列）技术及高通量测序技术（NGS）的核心内容，包括微阵列技术的基本概念、芯片表面化学、探针、靶标、芯片制备、检测、数据分析等主要内容，同时了解微阵列的方法学、基因表达谱、基因型检测和诊断等关键技术。通过具体课题研究学习掌握NGS技术。本课程内容全面，兼具理论性和应用性，使学生能在学习后掌握新型有效的生物分析技术，锻炼课题研究，撰写论文的能力。"
BIO4064M,系统生物学,Systems Biology,2.0,1.5-1.0,40,专业课,理论含实验（训练）课,生命科学学院,,,,不得申请免听,是,4,否,否,否,07120680,"本课程主要介绍系统生物学的基本内容和应用，分别从生物学数据的挖掘与整合、系统生物学模型的建立和模拟、系统生物学的分析等三大部分讲解。最后介绍系统生物学的数据标准化的研究及应用情况。课程要求实际完成一项简单的研究工作，在此过程中培养有兴趣在系统生物学领域继续发展的学生。本课程为研究型课程。"
BIO4067M,生物技术产业实习,Practice Of Biotechnology Industry,1.0,+1,32,专业课,实习课,生命科学学院,,,,不得申请免听,否,4,否,否,否,07120790,"经过多年的发展，我国生物产业已经有了一个良好的基础，表现为生物技术水平不断提高、技术产业化进程加快。尽管与国际先进水平还有不少差距，但生物产业已经成为国家战略性新兴产业的重要组成部分，生物技术产业的未来前景将十分广阔。在这门课程中，通过对发展迅速的生物技术企业的参观和技术人员的交流，使学生们见证现代生物技术从课堂走向生物科技产业的历程，让学生亲眼见证现代生物技术产业的发展和前景，从而增强从事生物技术科研的兴趣和信心。"
BIO4083M,生物信息学产业实践,Practical Industrial Bioinformatics,1.0,+1,32,专业课,独立设置实验（训练）课,生命科学学院,,,,不得申请免听,否,4,否,否,否,07188170,"本课程在学习《生物信息学》专业知识的基础上，结合大学生创新创业的相关内容，组织学生到生物信息学相关企业、研究单位进行实地参观与学校，了解生物信息学产业化的现状和发展态势，增强学生的创新创业潜力。"
BIO4087M,毕业论文（设计）,Final Term Project/Thesis of B.S.,8.0,+10,320,专业课,毕业论文/设计,生命科学学院,,,,不得申请免听,否,4,否,否,否,07189010,"完成毕业论文（设计）是本科生获得学士学位的必要条件。毕业论文安排在第四学年春夏学期进行。"
BIO4098M,生态学研究技术,Technology Of Ecological Research,2.0,0.0-4.0,64,专业课,独立设置实验（训练）课,生命科学学院,,,,不得申请免听,否,4,否,否,否,07192250,"生态学研究技术通过野外取样及观测技术、实验室分析技术、生态工程技术、模型模拟技术，培养学生掌握生态学研究的基本技术和思想方法，进一步了解其他高科学技术在现代生态学研究中的应用，使学生在毕业走向工作岗位后能迅速适应与生态学有关的科研部门工作或其他工作，对社会发展起到应有的作用。"